{
  "timestamp": "2025-11-29T18:38:18.774054",
  "total_episodes": 100,
  "total_steps": 1150,
  "final_epsilon": 0.01,
  "episode_rewards": [
    0.002,
    0.030000000000000002,
    0.3004,
    0.16000000000000003,
    0.06,
    0.064,
    0.0048000000000000004,
    0.065,
    0.0027,
    0.0051,
    0.002,
    0.2404,
    0.014,
    0.0047,
    0.20779999999999998,
    0.0027,
    0.0027,
    0.1806,
    0.0007,
    0.019000000000000003,
    0.004200000000000001,
    0.0007,
    0.1215,
    0.009000000000000001,
    0.0,
    0.1806,
    0.0,
    0.0053,
    0.004200000000000001,
    0.012,
    0.0,
    0.01,
    0.0031000000000000003,
    0.1244,
    0.006,
    0.12,
    0.0031000000000000003,
    0.12,
    0.12059999999999998,
    0.3008,
    0.002,
    0.07610000000000001,
    0.004,
    0.0633,
    0.1611,
    0.055,
    0.11,
    0.0602,
    0.05,
    0.12459999999999999,
    0.0054,
    0.03,
    0.0051,
    0.1224,
    0.11,
    0.12040000000000001,
    0.1204,
    0.065,
    0.0602,
    0.06149999999999999,
    0.1804,
    0.0019,
    0.06,
    0.03,
    0.06,
    0.002,
    0.004,
    0.11,
    0.0,
    0.004,
    0.0051,
    0.12259999999999999,
    0.0071,
    0.005,
    0.3002,
    0.0,
    0.002,
    0.0042,
    0.065,
    0.15000000000000002,
    0.15000000000000002,
    0.0051,
    0.0,
    0.0151,
    0.002,
    0.0015000000000000002,
    0.16,
    0.0053,
    0.0047,
    0.0306,
    0.0149,
    0.0013000000000000002,
    0.0328,
    0.0988,
    0.002,
    0.0622,
    0.060000000000000005,
    0.002,
    0.0,
    0.1202
  ],
  "episode_lengths": [
    9,
    10,
    11,
    11,
    12,
    10,
    16,
    9,
    11,
    13,
    13,
    12,
    11,
    13,
    8,
    11,
    12,
    13,
    11,
    11,
    11,
    11,
    12,
    11,
    10,
    13,
    16,
    11,
    14,
    10,
    12,
    11,
    11,
    12,
    12,
    11,
    10,
    14,
    12,
    11,
    16,
    11,
    10,
    11,
    10,
    11,
    10,
    11,
    11,
    13,
    10,
    13,
    14,
    13,
    10,
    12,
    12,
    9,
    14,
    14,
    12,
    11,
    10,
    11,
    12,
    15,
    14,
    11,
    11,
    10,
    13,
    12,
    12,
    10,
    12,
    14,
    10,
    10,
    9,
    9,
    11,
    11,
    9,
    11,
    13,
    9,
    11,
    10,
    10,
    10,
    13,
    12,
    15,
    13,
    10,
    10,
    10,
    9,
    14,
    14
  ],
  "hyperparameters": {
    "gamma": 0.8,
    "epsilon_start": 0.5,
    "epsilon_end": 0.01,
    "epsilon_decay": 0.8,
    "batch_size": 1,
    "target_update_freq": 20,
    "buffer_capacity_per_group": 1280
  }
}