{
  "timestamp": "2025-11-08T12:32:47.885417",
  "total_episodes": 20,
  "total_steps": 216000,
  "final_epsilon": 0.6543255500777845,
  "episode_rewards": [
    0.04305999999999503,
    -0.005700000000007494,
    0.019720000000005046,
    0.0011799999999910857,
    0.00372000000000535,
    -0.01827999999999587,
    -0.013279999999996819,
    0.03641999999997633,
    0.05379999999997406,
    0.0635199999999754,
    0.10576000000000427,
    0.028259999999990508,
    0.005820000000005144,
    0.10935999999999092,
    -0.046439999999996824,
    -0.01230000000000822,
    -0.00719999999999631,
    0.07561999999996856,
    -0.011359999999996496,
    -0.14416000000000825
  ],
  "episode_lengths": [
    10800,
    10800,
    10800,
    10800,
    10800,
    10800,
    10800,
    10800,
    10800,
    10800,
    10800,
    10800,
    10800,
    10800,
    10800,
    10800,
    10800,
    10800,
    10800,
    10800
  ],
  "hyperparameters": {
    "gamma": 1,
    "epsilon_start": 0.5,
    "epsilon_end": 0.01,
    "epsilon_decay": 0.99,
    "batch_size": 32,
    "target_update_freq": 100,
    "buffer_size": 50000
  }
}