{
  "timestamp": "2025-12-05T05:39:35.355720",
  "total_episodes": 500,
  "total_steps": 500,
  "final_epsilon": 0.1,
  "episode_rewards": [
    0.04484999552369118,
    0.01899999938905239,
    -0.0011199985165148973,
    0.13040001690387726,
    0.04766000434756279,
    -0.0061900001019239426,
    -0.1454000025987625,
    0.016939997673034668,
    0.15275998413562775,
    -0.0010699974372982979,
    -0.0031400006264448166,
    0.09390000253915787,
    0.038499996066093445,
    0.013749998062849045,
    0.028829997405409813,
    -0.02793000265955925,
    0.06809999793767929,
    -0.06322000920772552,
    0.05219000205397606,
    0.07090000063180923,
    0.11810000240802765,
    0.021800003945827484,
    0.05048999935388565,
    -0.08678999543190002,
    -0.04437999427318573,
    -0.06407000124454498,
    0.09489999711513519,
    0.0689999982714653,
    0.10017000138759613,
    -0.07207000255584717,
    -0.017669998109340668,
    0.023889999836683273,
    0.05299999937415123,
    0.05674000084400177,
    0.012319999746978283,
    0.07197000086307526,
    0.006340001709759235,
    0.019999999552965164,
    0.0379600003361702,
    0.0729999989271164,
    -0.13293001055717468,
    0.11852999031543732,
    0.020200001075863838,
    0.0653499960899353,
    0.06822000443935394,
    -0.0849900022149086,
    0.06053999811410904,
    0.0747000053524971,
    -0.09142999351024628,
    0.15943999588489532,
    0.10778000205755234,
    0.07409999519586563,
    0.05576000362634659,
    0.1111999973654747,
    0.09347999840974808,
    0.04176999628543854,
    0.14003999531269073,
    -0.010239996016025543,
    0.12000000476837158,
    0.038120001554489136,
    -0.05364000424742699,
    0.02679000236093998,
    0.07660999894142151,
    -0.025210000574588776,
    0.06909999996423721,
    -0.010839996859431267,
    0.06186000257730484,
    0.21154001355171204,
    0.05786000192165375,
    0.009509997442364693,
    -0.006540003232657909,
    0.08312000334262848,
    0.10799999535083771,
    0.11020000278949738,
    -0.006189998239278793,
    0.1583700031042099,
    0.06943000853061676,
    0.07670000195503235,
    0.07729999721050262,
    0.07454999536275864,
    -0.03505999967455864,
    0.08236000686883926,
    0.06003999710083008,
    0.07660000026226044,
    0.14320001006126404,
    0.06350000202655792,
    0.12150000780820847,
    -0.009229999035596848,
    -0.09933000057935715,
    0.05203999951481819,
    -0.015509996563196182,
    0.059300001710653305,
    0.011039999313652515,
    0.15523000061511993,
    0.07200000435113907,
    -0.014030000194907188,
    0.029930001124739647,
    -0.13724000751972198,
    0.10795000195503235,
    0.009849995374679565,
    0.08019999414682388,
    0.11133000254631042,
    0.021260004490613937,
    0.04100000485777855,
    0.07492998987436295,
    0.04958999902009964,
    0.05750000476837158,
    0.04284999519586563,
    0.04326000064611435,
    -0.0009400019189342856,
    -0.007780001498758793,
    0.09399999678134918,
    0.16146999597549438,
    -0.13249999284744263,
    0.06289999932050705,
    0.1775200068950653,
    -0.03511999920010567,
    0.0724399983882904,
    0.0731000080704689,
    0.08226999640464783,
    0.06046000123023987,
    0.018379997462034225,
    -0.03135000541806221,
    0.12886998057365417,
    -0.018209997564554214,
    -0.006060007028281689,
    0.09877000749111176,
    0.11344001442193985,
    0.11000000685453415,
    0.042180001735687256,
    0.00686000008136034,
    0.13199999928474426,
    0.22631001472473145,
    0.0997999981045723,
    -0.0413300022482872,
    0.07412999868392944,
    0.1340000033378601,
    -0.04751000180840492,
    0.073900006711483,
    0.04650000110268593,
    -0.17199000716209412,
    -0.026910006999969482,
    0.009610002860426903,
    0.056710004806518555,
    -0.2708500027656555,
    0.101500004529953,
    0.0015799980610609055,
    0.0686199963092804,
    0.01607999950647354,
    0.16077999770641327,
    0.027550002560019493,
    0.09970999509096146,
    0.030219996348023415,
    0.059800002723932266,
    0.10999999940395355,
    0.059550002217292786,
    0.017909998074173927,
    0.06100000441074371,
    0.12327999621629715,
    0.022819992154836655,
    0.05268999934196472,
    0.14319999516010284,
    -0.06969000399112701,
    0.039420001208782196,
    0.07037000358104706,
    0.014090003445744514,
    0.06675000488758087,
    -0.07342999428510666,
    -0.048590000718832016,
    -0.01370999962091446,
    0.04332999885082245,
    0.12000000476837158,
    0.12112999707460403,
    0.07161000370979309,
    0.013240000233054161,
    0.05270000174641609,
    0.11302999407052994,
    0.032349999994039536,
    -0.23364998400211334,
    0.16340000927448273,
    0.21108998358249664,
    0.1649799942970276,
    0.13010001182556152,
    0.04218999668955803,
    0.03309999778866768,
    0.013790000230073929,
    0.06593000888824463,
    -0.008790001273155212,
    0.08099000155925751,
    0.08420000225305557,
    0.05834000185132027,
    0.0072799986228346825,
    0.037150006741285324,
    0.07764999568462372,
    0.12478000670671463,
    0.06270000338554382,
    0.018010001629590988,
    0.08795999735593796,
    0.0002100002020597458,
    -0.07811000943183899,
    0.0755699947476387,
    0.11182000488042831,
    0.005239998921751976,
    0.16821999847888947,
    -0.021130001172423363,
    -0.006509995087981224,
    -0.11401999741792679,
    -0.138590008020401,
    0.05105999857187271,
    -0.10969999432563782,
    0.0602400004863739,
    0.03399999812245369,
    0.1542000025510788,
    0.05179000273346901,
    0.05260999873280525,
    0.04239000007510185,
    0.14159999787807465,
    0.02719999849796295,
    0.024219999089837074,
    0.035679999738931656,
    -0.010900001041591167,
    0.301800012588501,
    0.08150000870227814,
    0.027500003576278687,
    -0.0017100011464208364,
    0.06379000097513199,
    0.04968000203371048,
    0.13019999861717224,
    0.038409993052482605,
    0.12999999523162842,
    0.027489999309182167,
    0.05689999833703041,
    0.08212999254465103,
    -0.012810004875063896,
    -0.13353998959064484,
    0.08039999008178711,
    0.04800000414252281,
    0.07569999247789383,
    0.0731000006198883,
    0.14490000903606415,
    0.12999999523162842,
    0.1072000116109848,
    -0.01263000164180994,
    0.03310000151395798,
    0.07919999957084656,
    0.008219996467232704,
    -0.01261000707745552,
    -0.00890000257641077,
    -0.08029000461101532,
    0.01946999691426754,
    0.04725000262260437,
    -0.06106000021100044,
    0.07010000944137573,
    0.0810999944806099,
    0.08013000339269638,
    0.06365000456571579,
    0.003260001540184021,
    -0.009450002573430538,
    0.04351000115275383,
    0.1459999978542328,
    0.015300001949071884,
    0.09799999743700027,
    -0.25214001536369324,
    0.022870000451803207,
    0.08085000514984131,
    0.07319999486207962,
    -0.14451999962329865,
    0.04932999983429909,
    0.10261000692844391,
    0.07338999956846237,
    0.03621000051498413,
    0.033229999244213104,
    0.0543300062417984,
    0.05268000066280365,
    0.3672899901866913,
    0.0050699952989816666,
    0.03822999820113182,
    0.11531999707221985,
    0.057270001620054245,
    0.045260004699230194,
    0.024799998849630356,
    0.1194000095129013,
    0.07109999656677246,
    0.04003998264670372,
    0.026639999821782112,
    0.06100999936461449,
    0.046699997037649155,
    0.03586999699473381,
    0.10293000191450119,
    0.0819999948143959,
    0.06796000152826309,
    -0.06640000641345978,
    0.05690000206232071,
    0.018959999084472656,
    -0.024160003289580345,
    0.13325999677181244,
    0.025199998170137405,
    -0.017580002546310425,
    -0.03575999662280083,
    0.0731000006198883,
    0.12710000574588776,
    0.19690999388694763,
    0.09109999239444733,
    0.07799999415874481,
    0.14515002071857452,
    0.08122999966144562,
    0.09239000827074051,
    0.12993000447750092,
    0.05588000267744064,
