{
  "timestamp": "2025-11-29T04:19:19.180713",
  "total_episodes": 500,
  "total_steps": 5334,
  "final_epsilon": 0.060637894486118574,
  "episode_rewards": [
    0.0002,
    0.1204,
    0.0022,
    0.06,
    0.008,
    0.05,
    0.1204,
    0.021200000000000004,
    0.0142,
    0.0073,
    0.06609999999999999,
    0.045,
    0.05,
    0.0653,
    0.0511,
    0.11500000000000002,
    0.172,
    0.0094,
    0.05,
    0.112,
    0.2437,
    0.0073,
    0.006900000000000001,
    0.0031000000000000003,
    0.0229,
    0.0644,
    0.2408,
    0.0071,
    0.2122,
    0.010100000000000001,
    0.0067,
    0.075,
    0.12259999999999999,
    0.2404,
    0.0227,
    0.241,
    0.0201,
    0.0074,
    0.0,
    0.0081,
    0.061099999999999995,
    0.006,
    0.045,
    0.16,
    0.0985,
    0.0071,
    0.0839,
    0.0892,
    0.0054,
    0.12,
    0.067,
    0.1226,
    0.0101,
    0.2489,
    0.0031000000000000003,
    0.0061,
    0.021900000000000003,
    0.0051,
    0.0,
    0.006,
    0.062,
    0.015,
    0.06,
    0.017499999999999998,
    0.0087,
    0.2037,
    0.0087,
    0.0611,
    0.06,
    0.0212,
    0.06,
    0.0051,
    0.025,
    0.0635,
    0.06609999999999999,
    0.060399999999999995,
    0.004,
    0.2633,
    0.060599999999999994,
    0.16,
    0.0711,
    0.0261,
    0.0,
    0.24059999999999998,
    0.16500000000000004,
    0.004,
    0.1038,
    0.0511,
    0.0661,
    0.0633,
    0.065,
    0.004,
    0.006,
    0.2404,
    0.055,
    0.058100000000000006,
    0.1804,
    0.07,
    0.11,
    0.2402,
    0.0624,
    0.0121,
    0.0067,
    0.027800000000000005,
    0.011200000000000002,
    0.004,
    0.04,
    0.1181,
    0.06,
    0.0147,
    0.11700000000000002,
    0.006,
    0.11200000000000002,
    0.0074,
    0.0051,
    0.002,
    0.026200000000000005,
    0.14479999999999998,
    0.0211,
    0.2404,
    0.05,
    0.0014,
    0.15200000000000002,
    0.1802,
    0.1804,
    0.0034000000000000002,
    0.1802,
    0.16999999999999998,
    0.1,
    0.065,
    0.007,
    0.0128,
    0.3606,
    0.19340000000000002,
    0.1802,
    0.062200000000000005,
    0.0067,
    0.12150000000000001,
    0.1235,
    0.0081,
    0.0328,
    0.25370000000000004,
    0.0811,
    0.16,
    0.0035,
    0.060000000000000005,
    0.1,
    0.0439,
    0.101,
    0.0152,
    0.007300000000000001,
    0.009000000000000001,
    0.11,
    0.1848,
    0.008,
    0.006,
    0.020100000000000003,
    0.1224,
    0.12,
    0.0081,
    0.11,
    0.0644,
    0.1202,
    0.2211,
    0.0031000000000000003,
    0.015099999999999999,
    0.0061,
    0.12000000000000001,
    0.0131,
    0.21000000000000002,
    0.2406,
    0.0081,
    0.0624,
    0.16999999999999998,
    0.1204,
    0.11920000000000001,
    0.0082,
    0.0075,
    0.006,
    0.0261,
    0.077,
    0.0271,
    0.0661,
    0.060000000000000005,
    0.005300000000000001,
    0.0,
    0.0004,
    0.002,
    0.065,
    0.0151,
    0.009300000000000001,
    0.0622,
    0.16,
    0.1804,
    0.0094,
    0.0644,
    0.065,
    0.062,
    0.0,
    0.0033,
    0.0,
    0.0074,
    0.0091,
    0.0042,
    0.004200000000000001,
    0.0081,
    0.21000000000000002,
    0.0011,
    0.0602,
    0.0031000000000000003,
    0.115,
    0.3006,
    0.0123,
    0.004,
    0.008,
    0.0034000000000000002,
    0.0642,
    0.0653,
    0.08,
    0.0047,
    0.122,
    0.12369999999999999,
    0.065,
    0.3004,
    0.06999999999999999,
    0.0051,
    0.0074,
    0.15000000000000002,
    0.0051,
    0.0048000000000000004,
    0.06520000000000001,
    0.2404,
    0.0181,
    0.2404,
    0.12369999999999999,
    0.1235,
    0.0071,
    0.1222,
    0.16310000000000002,
    0.008,
    0.18439999999999998,
    0.0211,
    0.0048000000000000004,
    0.0661,
    0.0087,
    0.1202,
    0.1804,
    0.0042,
    0.117,
    0.16110000000000002,
    0.1255,
    0.122,
    0.0047,
    0.0094,
    0.1804,
    0.008799999999999999,
    0.004200000000000001,
    0.0022,
    0.0031000000000000003,
    0.1228,
    0.07,
    0.075,
    0.0191,
    0.22,
    0.1081,
    0.1804,
    0.0071,
    0.0081,
    0.1204,
    0.0031000000000000003,
    0.1204,
    0.006,
    0.01,
    0.0131,
    0.004,
    0.01,
    0.0088,
    0.21000000000000002,
    0.033,
    0.065,
    0.01,
    0.15700000000000003,
    0.004,
    0.0561,
    0.008,
    0.18,
    0.049999999999999996,
    0.0141,
    0.0058000000000000005,
    0.008,
    0.1084,
    0.16610000000000003,
    0.1226,
    0.060000000000000005,
    0.16000000000000003,
    0.06,
    0.1802,
    0.1802,
    0.004,
    0.0081,
    0.06,
    0.1804,
    0.1231,
    0.12810000000000002,
    0.004200000000000001,
    0.12169999999999999,
    0.0092,
    0.2426,
    0.02,
    0.2402,
    0.0091,
    0.06259999999999999,
    0.06,
    0.1806,
    0.06,
    0.162,
    0.0002,
    0.06439999999999999,
    0.0127,
    0.075,
    0.12,
    0.060399999999999995,
    0.008199999999999999,
    0.02,
    0.26449999999999996,
    0.0602,
    0.16999999999999998,
    0.0007,
    0.1226,
    0.0633,
    0.12110000000000001,
    0.16,
    0.1211,
    0.16110000000000002,
    0.0082,
    0.006200000000000001,
    0.004,
    0.06,
    0.023899999999999998,
    0.0061,
    0.006900000000000001,
    0.05,
    0.0091,
    0.061099999999999995,
    0.05,
    0.0622,
    0.0,
    0.16310000000000002,
    0.004,
    0.039999999999999994,
    0.0622,
    0.1202,
    0.004,
    0.0,
    0.06,
    0.0071,
    0.11,
    0.0040999999999999995,
    0.16,
    0.0182,
    0.122,
    0.0081,
    0.1,
    0.025,
    0.007300000000000001,
    0.002,
    0.0406,
    0.0602,
    0.26849999999999996,
    0.1202,
    0.05,
    0.0081,
    0.0064,
    0.006,
    0.33,
    0.02,
    0.1224,
    0.065,
    0.06149999999999999,
    0.006,
    0.0061,
    0.060000000000000005,
    0.0101,
    0.10500000000000001,
    0.0664,
    0.1319,
    0.07769999999999999,
    0.0040999999999999995,
    0.04,
    0.004,
    0.0034000000000000002,
    0.055,
    0.060599999999999994,
    0.0147,
    0.002,
    0.10200000000000001,
    0.0071,
    0.025,
    0.065,
    0.1206,
    0.21000000000000002,
    0.006200000000000001,
    0.015,
    0.009499999999999998,
    0.075,
    0.06,
    0.1839,
    0.12059999999999998,
    0.11,
    0.004,
    0.114,
    0.1202,
    0.05,
    0.1,
    0.36079999999999995,
    0.11000000000000001,
    0.06,
    0.0071,
    0.1215,
    0.0633,
    0.1804,
    0.0054,
    0.007300000000000001,
    0.112,
    0.02,
    0.0,
    0.1,
    0.006200000000000001,
    0.15000000000000002,
    0.12340000000000001,
    0.060399999999999995,
    0.1822,
    0.0726,
    0.035,
    0.12079999999999999,
    0.006,
    0.12,
    0.0067,
    0.0071,
    0.0128,
    0.0111,
    0.0811,
    0.0031000000000000003,
    0.0101,
    0.006,
    0.006,
    0.0088,
    0.004,
    0.0,
    0.15610000000000002,
    0.055,
    0.02,
    0.0121,
    0.025,
    0.006200000000000001,
    0.0034000000000000002,
    0.002,
    0.1848,
    0.004,
    0.1213,
    0.0051,
    0.1253,
    0.0091,
    0.06470000000000001,
    0.2,
    0.025,
    0.11,
    0.0,
    0.0074,
    0.1235,
    0.026099999999999998,
    0.0071,
    0.18059999999999998,
    0.12059999999999998,
    0.2402,
    0.004,
    0.0097,
    0.0114,
    0.0602,
    0.1244,
    0.1202,
    0.11610000000000002,
    0.1204,
    0.1011,
    0.0051,
    0.0181,
    0.06,
    0.008,
    0.0,
    0.11,
    0.01,
    0.1802,
    0.17809999999999998,
    0.0116,
    0.021000000000000005,
    0.002,
    0.1,
    0.16110000000000002,
    0.12040000000000001,
    0.12110000000000001
  ],