{
  "timestamp": "2025-11-29T11:02:43.437394",
  "total_episodes": 100,
  "total_steps": 665,
  "final_epsilon": 0.09047921471137091,
  "episode_rewards": [
    0.005,
    0.0,
    0.0,
    0.0,
    0.005,
    0.0,
    0.0,
    0.005,
    0.005,
    0.0,
    0.005,
    0.005,
    0.005,
    0.0,
    0.0,
    0.0,
    0.0,
    0.005,
    0.0,
    0.0,
    0.0,
    0.005,
    0.0,
    0.0,
    0.005,
    0.0,
    0.0,
    0.005,
    0.005,
    0.005,
    0.0,
    0.0,
    0.0,
    0.005,
    0.0,
    0.005,
    0.005,
    0.005,
    0.005,
    0.0,
    0.0,
    0.005,
    0.0,
    0.0,
    0.0,
    0.0,
    0.005,
    0.005,
    0.005,
    0.005,
    0.005,
    0.0,
    0.005,
    0.0,
    0.005,
    0.005,
    0.005,
    0.0,
    0.005,
    0.005,
    0.0,
    0.0,
    0.005,
    0.005,
    0.0,
    0.0,
    0.0,
    0.005,
    0.0,
    0.0,
    0.0,
    0.0,
    0.005,
    0.005,
    0.0,
    0.0,
    0.005,
    0.005,
    0.005,
    0.005,
    0.005,
    0.005,
    0.005,
    0.005,
    0.0,
    0.005,
    0.0,
    0.005,
    0.005,
    0.005,
    0.005,
    0.005,
    0.0,
    0.005,
    0.005,
    0.0,
    0.0,
    0.005,
    0.0,
    0.0
  ],
  "episode_lengths": [
    4,
    9,
    11,
    11,
    1,
    11,
    10,
    1,
    3,
    11,
    7,
    1,
    7,
    11,
    10,
    10,
    10,
    3,
    11,
    10,
    10,
    3,
    10,
    10,
    3,
    10,
    10,
    3,
    2,
    2,
    10,
    11,
    12,
    1,
    11,
    1,
    1,
    3,
    2,
    12,
    11,
    2,
    11,
    10,
    10,
    9,
    5,
    1,
    2,
    8,
    2,
    9,
    2,
    10,
    1,
    6,
    4,
    11,
    2,
    7,
    12,
    10,
    1,
    7,
    11,
    10,
    10,
    1,
    10,
    9,
    11,
    11,
    4,
    2,
    11,
    11,
    2,
    9,
    1,
    2,
    1,
    6,
    2,
    8,
    11,
    9,
    10,
    2,
    1,
    3,
    3,
    2,
    11,
    5,
    1,
    10,
    9,
    4,
    10,
    10
  ],
  "hyperparameters": {
    "gamma": 0.8,
    "epsilon_start": 0.5,
    "epsilon_end": 0.01,
    "epsilon_decay": 0.999,
    "batch_size": 64,
    "target_update_freq": 20,
    "buffer_size": 1280
  }
}