{
  "timestamp": "2025-12-05T23:09:25.471496",
  "total_episodes": 6,
  "total_steps": 6,
  "final_epsilon": 0.4976,
  "episode_rewards": [
    0.0681999921798706,
    0.032030001282691956,
    0.07309999316930771,
    0.004720000550150871,
    -0.04768999665975571,
    0.020200001075863838
  ],
  "episode_lengths": [
    9,
    10,
    10,
    11,
    11,
    8
  ],
  "hyperparameters": {
    "gamma": 0.9,
    "epsilon_start": 0.5,
    "epsilon_end": 0.1,
    "epsilon_decay": 3.33e-05,
    "batch_size": 64,
    "target_update_freq": 20,
    "buffer_size": 6
  }
}