{
  "timestamp": "2025-11-27T22:03:51.917154",
  "total_episodes": 200,
  "total_steps": 1982,
  "final_epsilon": 0.0818648829478636,
  "episode_rewards": [
    0.23000000000000004,
    0.23,
    0.25,
    0.2522,
    0.22000000000000003,
    0.25,
    0.23220000000000002,
    0.27,
    0.27,
    0.12000000000000001,
    0.2,
    0.01,
    0.26,
    0.23,
    0.15,
    0.14220000000000002,
    0.060000000000000005,
    0.02,
    0.13,
    0.22840000000000002,
    0.13,
    0.1544,
    0.24000000000000002,
    0.15,
    0.114,
    0.23000000000000004,
    0.1444,
    0.01,
    0.03,
    0.21000000000000002,
    0.25,
    0.26,
    0.03,
    0.0462,
    0.23000000000000004,
    0.13,
    0.23220000000000002,
    0.23000000000000004,
    0.13219999999999998,
    0.13,
    0.17400000000000002,
    0.13,
    0.18000000000000002,
    0.13,
    0.13,
    0.24220000000000003,
    0.14,
    0.14,
    0.14,
    0.24000000000000002,
    0.12000000000000001,
    0.1,
    0.17400000000000002,
    0.16999999999999998,
    0.27,
    0.26,
    0.19,
    0.1322,
    0.0522,
    0.1,
    0.1,
    0.23,
    0.24000000000000002,
    0.16,
    0.2722,
    0.27,
    0.0344,
    0.1622,
    0.25,
    0.21000000000000002,
    0.2722,
    0.0022,
    0.23220000000000005,
    0.1322,
    0.07,
    0.16,
    0.15000000000000002,
    0.13,
    0.12000000000000001,
    0.13,
    0.16000000000000003,
    0.22000000000000003,
    0.25,
    0.14,
    0.24,
    0.22000000000000003,
    0.23,
    0.18,
    0.1462,
    0.21000000000000002,
    0.22000000000000003,
    0.14,
    0.15000000000000002,
    0.07,
    0.24000000000000002,
    0.024,
    0.14,
    0.11,
    0.15000000000000002,
    0.15,
    0.15,
    0.13,
    0.14,
    0.17,
    0.12000000000000001,
    0.24220000000000003,
    0.23220000000000002,
    0.23220000000000002,
    0.2722,
    0.0822,
    0.22000000000000003,
    0.01,
    0.23,
    0.1322,
    0.23,
    0.16,
    0.13,
    0.12000000000000001,
    0.20400000000000001,
    0.25220000000000004,
    0.15000000000000002,
    0.06,
    0.060000000000000005,
    0.16,
    0.14,
    0.06999999999999999,
    0.23220000000000002,
    0.06,
    0.16,
    0.25220000000000004,
    0.13,
    0.16000000000000003,
    0.17220000000000002,
    0.05,
    0.05,
    0.1284,
    0.23,
    0.26000000000000006,
    0.12,
    0.13999999999999999,
    0.28,
    0.25,
    0.1522,
    0.13999999999999999,
    0.26,
    0.15000000000000002,
    0.22400000000000003,
    0.23440000000000003,
    0.15,
    0.12000000000000001,
    0.13,
    0.23,
    0.2422,
    0.23220000000000002,
    0.16,
    0.14220000000000002,
    0.25220000000000004,
    0.2422,
    0.13,
    0.25,
    0.26,
    0.15000000000000002,
    0.26,
    0.22000000000000003,
    0.13,
    0.23000000000000004,
    0.08,
    0.16,
    0.23220000000000005,
    0.07,
    0.15000000000000002,
    0.05,
    0.15,
    0.24000000000000005,
    0.15999999999999998,
    0.25000000000000006,
    0.05,
    0.16,
    0.1522,
    0.24000000000000002,
    0.13,
    0.054400000000000004,
    0.15000000000000002,
    0.064,
    0.21000000000000002,
    0.26,
    0.08,
    0.16000000000000003,
    0.17,
    0.23,
    0.14,
    0.2422,
    0.24220000000000005,
    0.25220000000000004,
    0.22000000000000003,
    0.24000000000000002,
    0.21000000000000002,
    0.2444,
    0.14,
    0.1522
  ],
  "episode_lengths": [
    9,
    11,
    9,
    9,
    10,
    8,
    9,
    10,
    10,
    13,
    11,
    11,
    9,
    11,
    10,
    10,
    11,
    9,
    10,
    10,
    8,
    10,
    8,
    10,
    9,
    9,
    10,
    10,
    13,
    11,
    9,
    9,
    12,
    9,
    10,
    10,
    11,
    7,
    9,
    9,
    11,
    9,
    11,
    11,
    8,
    11,
    9,
    10,
    9,
    8,
    10,
    9,
    9,
    9,
    10,
    10,
    9,
    10,
    8,
    10,
    10,
    11,
    9,
    9,
    10,
    8,
    11,
    11,
    11,
    9,
    10,
    11,
    11,
    11,
    11,
    10,
    9,
    11,
    9,
    10,
    11,
    9,
    11,
    9,
    11,
    10,
    9,
    10,
    9,
    8,
    7,
    9,
    9,
    10,
    10,
    11,
    12,
    9,
    10,
    9,
    11,
    9,
    9,
    9,
    11,
    11,
    9,
    9,
    10,
    12,
    10,
    10,
    10,
    11,
    10,
    10,
    10,
    10,
    9,
    10,
    10,
    11,
    12,
    10,
    11,
    8,
    10,
    12,
    10,
    10,
    11,
    9,
    10,
    10,
    10,
    11,
    8,
    10,
    10,
    10,
    10,
    9,
    11,
    9,
    10,
    11,
    11,
    10,
    10,
    11,
    8,
    10,
    9,
    10,
    12,
    10,
    9,
    10,
    10,
    10,
    11,
    10,
    10,
    8,
    10,
    10,
    10,
    11,
    10,
    11,
    12,
    10,
    11,
    9,
    11,
    8,
    9,
    11,
    9,
    10,
    8,
    11,
    8,
    11,
    11,
    9,
    10,
    10,
    9,
    12,
    10,
    10,
    10,
    10,
    10,
    9,
    10,
    10,
    10,
    11
  ],
  "hyperparameters": {
    "gamma": 0.9,
    "epsilon_start": 0.5,
    "epsilon_end": 0.01,
    "epsilon_decay": 0.999,
    "batch_size": 64,
    "target_update_freq": 20,
    "buffer_size": 320
  }
}