{
  "timestamp": "2025-11-28T15:58:36.080329",
  "total_episodes": 3,
  "total_steps": 38,
  "final_epsilon": 0.0997002999,
  "episode_rewards": [
    0.1824,
    0.175,
    0.007500000000000001
  ],
  "episode_lengths": [
    13,
    12,
    12
  ],
  "hyperparameters": {
    "gamma": 0.9,
    "epsilon_start": 0.5,
    "epsilon_end": 0.01,
    "epsilon_decay": 0.999,
    "batch_size": 64,
    "target_update_freq": 20,
    "buffer_size": 320
  }
}